{
  "A: Labs only": {
    "config": "A: Labs only",
    "allcause_sum_g2": {
      "auc": 0.6292768740416583,
      "ci": [
        0.6222871774740156,
        0.6358100809120021
      ]
    },
    "allcause_1mH": {
      "auc": 0.6292058230159363,
      "ci": [
        0.6222205361129537,
        0.6357330720494236
      ]
    },
    "organ_specific": {
      "cardiac": {
        "label": "Heart disease",
        "n_events": 2024,
        "auc_organ": {
          "auc": 0.5074823479502515,
          "ci": [
            0.4944068879173043,
            0.5193762746844223
          ]
        },
        "auc_composite": {
          "auc": 0.6270561637315564,
          "ci": [
            0.6134448191196665,
            0.6399928687837522
          ]
        }
      },
      "immune": {
        "label": "Malignant neoplasms",
        "n_events": 1684,
        "auc_organ": {
          "auc": 0.5207069805278997,
          "ci": [
            0.5076262633451093,
            0.5351757366336976
          ]
        },
        "auc_composite": {
          "auc": 0.5732097724525818,
          "ci": [
            0.5602831537061318,
            0.5873262509602372
          ]
        }
      },
      "pulmonary": {
        "label": "Influenza and pneumonia",
        "n_events": 162,
        "auc_organ": {
          "auc": 0.514805383603927,
          "ci": [
            0.4708511228807017,
            0.5553903014711781
          ]
        },
        "auc_composite": {
          "auc": 0.6204746362638272,
          "ci": [
            0.5690289710379628,
            0.6676217911184856
          ]
        }
      },
      "neuro": {
        "label": "Alzheimer's disease",
        "n_events": 288,
        "auc_organ": {
          "auc": 0.5158303400625093,
          "ci": [
            0.48545577090043546,
            0.551676294132998
          ]
        },
        "auc_composite": {
          "auc": 0.5315596414474127,
          "ci": [
            0.4987555751620218,
            0.5614543806242678
          ]
        }
      },
      "endocrine": {
        "label": "Diabetes mellitus",
        "n_events": 284,
        "auc_organ": {
          "auc": 0.8141464415915578,
          "ci": [
            0.7842503794726624,
            0.8421746704155064
          ]
        },
        "auc_composite": {
          "auc": 0.8183558920709545,
          "ci": [
            0.7870468891106864,
            0.8438484468526092
          ]
        }
      },
      "renal": {
        "label": "Nephritis / nephrotic syndrome",
        "n_events": 172,
        "auc_organ": {
          "auc": 0.6767299682214614,
          "ci": [
            0.6317924893684467,
            0.7280238186225346
          ]
        },
        "auc_composite": {
          "auc": 0.7368288788055245,
          "ci": [
            0.6964711190839651,
            0.7801536913039466
          ]
        }
      }
    },
    "z_calibrated": {
      "cardiac": 68.15833333333333,
      "pulmonary": 63.857142857142854,
      "hepatic": 147.98990112336978,
      "renal": 144.2298683298683,
      "endocrine": 114.75000000000001,
      "immune": 94.2605590062112,
      "heme": 114.31878571428571,
      "GI": 68.25,
      "vascular": 53.74875,
      "bone": 180.75255838362634,
      "neuro": 103.66666666666667,
      "repro": 95.0
    }
  },
  "B: Labs+BP": {
    "config": "B: Labs+BP",
    "allcause_sum_g2": {
      "auc": 0.7046009989610599,
      "ci": [
        0.6986686405149579,
        0.7109951477451633
      ]
    },
    "allcause_1mH": {
      "auc": 0.7042240017099555,
      "ci": [
        0.698290951929803,
        0.7106168532708492
      ]
    },
    "organ_specific": {
      "cardiac": {
        "label": "Heart disease",
        "n_events": 2024,
        "auc_organ": {
          "auc": 0.6735787254516483,
          "ci": [
            0.6615420216481139,
            0.6864589152057539
          ]
        },
        "auc_composite": {
          "auc": 0.7083706516565611,
          "ci": [
            0.6962677364454284,
            0.7214447738038113
          ]
        }
      },
      "immune": {
        "label": "Malignant neoplasms",
        "n_events": 1684,
        "auc_organ": {
          "auc": 0.5207069805278997,
          "ci": [
            0.5076262633451093,
            0.5351757366336976
          ]
        },
        "auc_composite": {
          "auc": 0.6176070797579163,
          "ci": [
            0.6036399516618397,
            0.631243752414191
          ]
        }
      },
      "pulmonary": {
        "label": "Influenza and pneumonia",
        "n_events": 162,
        "auc_organ": {
          "auc": 0.514805383603927,
          "ci": [
            0.4708511228807017,
            0.5553903014711781
          ]
        },
        "auc_composite": {
          "auc": 0.6892647437945619,
          "ci": [
            0.6476195471116073,
            0.725465379435393
          ]
        }
      },
      "neuro": {
        "label": "Alzheimer's disease",
        "n_events": 288,
        "auc_organ": {
          "auc": 0.5764821391684293,
          "ci": [
            0.5434497361969431,
            0.6096974636557022
          ]
        },
        "auc_composite": {
          "auc": 0.6471491516119038,
          "ci": [
            0.617353585075978,
            0.6767488404036515
          ]
        }
      },
      "endocrine": {
        "label": "Diabetes mellitus",
        "n_events": 284,
        "auc_organ": {
          "auc": 0.8141464415915578,
          "ci": [
            0.7842503794726624,
            0.8421746704155064
          ]
        },
        "auc_composite": {
          "auc": 0.8248811112787047,
          "ci": [
            0.7984182143099712,
            0.8495580154514963
          ]
        }
      },
      "renal": {
        "label": "Nephritis / nephrotic syndrome",
        "n_events": 172,
        "auc_organ": {
          "auc": 0.7003490810104244,
          "ci": [
            0.6512963917979675,
            0.7470000394651432
          ]
        },
        "auc_composite": {
          "auc": 0.7848347262816672,
          "ci": [
            0.7488554154175997,
            0.8200298226372889
          ]
        }
      }
    },
    "z_calibrated": {
      "cardiac": 92.64722222222221,
      "pulmonary": 63.857142857142854,
      "hepatic": 147.98990112336978,
      "renal": 168.72584892584894,
      "endocrine": 114.75000000000001,
      "immune": 94.2605590062112,
      "heme": 114.31878571428571,
      "GI": 68.25,
      "vascular": 91.95867647058822,
      "bone": 180.75255838362634,
      "neuro": 112.31111111111112,
      "repro": 95.0
    }
  },
  "C: Labs+Smoke": {
    "config": "C: Labs+Smoke",
    "allcause_sum_g2": {
      "auc": 0.6269333391916956,
      "ci": [
        0.6203123668770448,
        0.6337638170012821
      ]
    },
    "allcause_1mH": {
      "auc": 0.6268917239848579,
      "ci": [
        0.6202689244740134,
        0.6337170696998757
      ]
    },
    "organ_specific": {
      "cardiac": {
        "label": "Heart disease",
        "n_events": 2024,
        "auc_organ": {
          "auc": 0.5074823479502515,
          "ci": [
            0.4944068879173043,
            0.5193762746844223
          ]
        },
        "auc_composite": {
          "auc": 0.6219985307203609,
          "ci": [
            0.6073340947168075,
            0.6347950220081187
          ]
        }
      },
      "immune": {
        "label": "Malignant neoplasms",
        "n_events": 1684,
        "auc_organ": {
          "auc": 0.523364890355524,
          "ci": [
            0.5102675831781296,
            0.5373834870956787
          ]
        },
        "auc_composite": {
          "auc": 0.5777466809312903,
          "ci": [
            0.5651017529066165,
            0.5918134980807119
          ]
        }
      },
      "pulmonary": {
        "label": "Influenza and pneumonia",
        "n_events": 162,