{
  "version": "1.0",
  "description": "Neonatal Impedance Reference Standard",
  "data_sources": {
    "EEG": "Figshare DOI:10.6084/m9.figshare.4729840 (CC BY 4.0)",
    "HRV": "PhysioNet PICS (ODC-BY 1.0)"
  },
  "gamma_n_centiles": {
    "ages": [
      36,
      37,
      38,
      39,
      40,
      41,
      42,
      43,
      44,
      45
    ],
    "n_per_age": [
      224,
      234,
      228,
      220,
      234,
      234,
      214,
      210,
      204,
      218
    ],
    "centiles": {
      "5": [
        0.22767094839995577,
        0.2316344912021605,
        0.2481495357214777,
        0.21730877611263072,
        0.2410719678576751,
        0.21309836940153581,
        0.1997158260241001,
        0.20879306771820663,
        0.212478250962382,
        0.20980957497317146
      ],
      "10": [
        0.24511556396778258,
        0.2512607285594812,
        0.2620783126476474,
        0.236486304986189,
        0.25559130785238054,
        0.2542214676967616,
        0.24100304344211168,
        0.2371195148554136,
        0.24093377729529336,
        0.24143980089036116
      ],
      "25": [
        0.30398711234977405,
        0.30225094201908415,
        0.30432652096630386,
        0.2672695093109741,
        0.28705178802217346,
        0.2839901243212206,
        0.2988224600871158,
        0.2841263896999945,
        0.29171011268405034,
        0.28757549043564257
      ],
      "50": [
        0.3159337677273293,
        0.3155521447277554,
        0.31832483052505983,
        0.3139899800636802,
        0.313118409044118,
        0.3167169045538256,
        0.3176852032921653,
        0.3122993828857398,
        0.31364438078523205,
        0.3099481811035475
      ],
      "75": [
        0.32341249698827923,
        0.3237842656140789,
        0.3240737516033264,
        0.3240039655707363,
        0.3225995718986713,
        0.32469667759967313,
        0.3243546467531639,
        0.3212032792958862,
        0.3204683691029582,
        0.3185817230236547
      ],
      "90": [
        0.3272489100804551,
        0.3269937850977662,
        0.3282417561169072,
        0.32804356430235343,
        0.32674427672236106,
        0.32858111559168074,
        0.3280822770584991,
        0.3263793508719961,
        0.3251899454333241,
        0.323462360096906
      ],
      "95": [
        0.3286311109974354,
        0.32961264678960056,
        0.32976863318627814,
        0.3300902213772106,
        0.3280632234772792,
        0.33051998887508,
        0.33010361275122657,
        0.328483785459799,
        0.3268518988110121,
        0.3257488488514392
      ]
    },
    "mean": [
      0.3034277341708405,
      0.30229701728280955,
      0.3068487323823727,
      0.2946724064040391,
      0.2998276850819838,
      0.299105705445213,
      0.3002199511146374,
      0.2960201527992077,
      0.2974090833001286,
      0.2962021939749075
    ],
    "std": [
      0.032488406893547615,
      0.03481131871407631,
      0.028872102786305434,
      0.03897556848524602,
      0.03316020691988015,
      0.03749088666434654,
      0.04181265477024781,
      0.04029929689319329,
      0.03817926280307294,
      0.036166185144982294
    ]
  },
  "gamma_n_sq_centiles": {
    "ages": [
      36,
      37,
      38,
      39,
      40,
      41,
      42,
      43,
      44,
      45
    ],
    "n_per_age": [
      224,
      234,
      228,
      220,
      234,
      234,
      214,
      210,
      204,
      218
    ],
    "centiles": {
      "5": [
        0.051834079221172766,
        0.053656911325354766,
        0.06158130730287603,
        0.047225425770948896,
        0.058119036152538155,
        0.045411328366764384,
        0.03988948862270902,
        0.04359658212069001,
        0.04515077311179723,
        0.04402053164061136
      ],
      "10": [
        0.060083229434644427,
        0.06313205039024031,
        0.06868506379870118,
        0.055927108345614845,
        0.06532691705602167,
        0.0646286391546428,
        0.058083111897555446,
        0.05623351753537624,
        0.0580490881611659,
        0.05829317756367753
      ],
      "25": [
        0.09240828669017005,
        0.09135577719018029,
        0.09261463175918022,
        0.0714330229120645,
        0.08239901902895609,
        0.08065049289294074,
        0.08929487015310943,
        0.08072791801296843,
        0.08509483230755557,
        0.08270047311453288
      ],
      "50": [
        0.099814146864914,
        0.09957315806719172,
        0.10133070771622972,
        0.09858972181332495,
        0.09804315233209511,
        0.10030987640958514,
        0.10092391111967049,
        0.09753090466237524,
        0.0983727984523988,
        0.0960679066435193
      ],
      "75": [
        0.10459564991383467,
        0.10483625104821084,
        0.1050238073340519,
        0.1049785747540185,
        0.10407048413244314,
        0.10542793419442226,
        0.10520594247745382,
        0.10317155494192583,
        0.10269997567656075,
        0.10149432773834456
      ],
      "90": [
        0.10709184916548543,
        0.10692497895816983,
        0.1077426806906807,
        0.10761258025844551,
        0.10676182237345472,
        0.10796555681739095,
        0.10763798052568342,
        0.10652348070399949,
        0.10574852346641163,
        0.1046279119003567
      ],
      "95": [
        0.10799840854879454,
        0.10864452514796658,
        0.10874735700712464,
        0.10895955571501904,
        0.107625483551216,
        0.10924353073080718,
        0.10896840094113358,
        0.10790159759882044,
        0.10683216705226814,
        0.10611231336975219
      ]
    },
    "mean": [
      0.09312388644653098,
      0.09259531456869624,
      0.094989742883972,
      0.08835092203469527,
      0.09099624006459056,
      0.09086978961275737,
      0.0918803171462112,
      0.089251964193352,
      0.08990981893760894,
      0.08904373266348986
    ],
    "std": [
      0.01775058292391978,
      0.01864949920231851,
      0.015976425186906538,
      0.021026276297200126,
      0.017878265974178888,
      0.019962321496312996,
      0.021332016578214676,
      0.020600871665790797,
      0.01987993322274288,
      0.019003304418542206
    ]
  },
  "risk_cutoffs": {
    "green_upper_gamma_n_sq": 0.10412762141943478,
    "yellow_upper_gamma_n_sq": 0.10840350447569501,
    "pooled_mean": 0.09114279571017206,
    "pooled_std": 0.01933513162107919,
    "n_total": 2220
  },
  "gamma_v_reference": [
    {
      "gamma_v": 0.40300153232517344,
      "gamma_v_sq": 0.1624102350564378,
      "SDNN_ms": 28.35506965682619,
      "RMSSD_ms": 8.008268213633656,
      "mean_hr": 153.93768230486666,
      "deviation": 1.3500923508054314,
      "infant_id": 1,
      "pca_weeks": 29
    },
    {
      "gamma_v": 0.2116313834111523,
      "gamma_v_sq": 0.04478784244451815,
      "SDNN_ms": 48.92179236849836,
      "RMSSD_ms": 14.578638458239931,
      "mean_hr": 129.83427525577932,
      "deviation": 0.536884343080143,
      "infant_id": 2,
      "pca_weeks": 31
    },
    {
      "gamma_v": 0.2662653704715002,
      "gamma_v_sq": 0.07089724751232523,
      "SDNN_ms": 44.69829487131967,
      "RMSSD_ms": 11.439223225394214,
      "mean_hr": 129.86292047041215,
      "deviation": 0.7257811196470394,
      "infant_id": 3,
      "pca_weeks": 32
    },
    {
      "gamma_v": 0.420088328143284,
      "gamma_v_sq": 0.17647420344221945,
      "SDNN_ms": 25.677291609572073,
      "RMSSD_ms": 9.460987555655738,
      "mean_hr": 166.10271128032042,
      "deviation": 1.4488010796481399,
      "infant_id": 4,
      "pca_weeks": 30
    },
    {
      "gamma_v": 0.1256582655128081,
      "gamma_v_sq": 0.015789999691687377,
      "SDNN_ms": 44.14983485435177,
      "RMSSD_ms": 27.914361912810836,
      "mean_hr": 143.1183726119612,
      "deviation": 0.2874351310394845,
      "infant_id": 5,